id_item,nombre_item,count,latitud,longitud,id_categoria,adec,categoria,id_padre,padre_categoria,padre
17365,Casa de las Rocas-Museo del Corpus,11,39.47911295,-0.37677953652243706,65,61,Religión,3,Museos,0
17365,Casa de las Rocas-Museo del Corpus,11,39.47911295,-0.37677953652243706,68,67,Historia y cultura local,3,Museos,0
17367,Casa-Museo Blasco Ibañez,11,39.48267545,-0.3259761598834049,26,20,Modernista,1,Estilos y periodos,0
17367,Casa-Museo Blasco Ibañez,11,39.48267545,-0.3259761598834049,68,61,Historia y cultura local,3,Museos,0
17369,Centro cultural Fundación Bancaja,30,39.4737548616517,-0.37015740361308525,50,60,Exposiciones,13,Eventos,0
17369,Centro cultural Fundación Bancaja,30,39.4737548616517,-0.37015740361308525,62,66,Arte,3,Museos,0
17369,Centro cultural Fundación Bancaja,30,39.4737548616517,-0.37015740361308525,115,45,Otros estilos,1,Estilos y periodos,0
17371,Centro del Carmen-IVAM,26,39.47976316813503,-0.3790205833491236,27,61,Contemporáneo,1,Estilos y periodos,0
17371,Centro del Carmen-IVAM,26,39.47976316813503,-0.3790205833491236,62,74,Arte,3,Museos,0
17371,Centro del Carmen-IVAM,26,39.47976316813503,-0.3790205833491236,50,60,Exposiciones,13,Eventos,0
17372,Centro Julio Gonzalez-IVAM,23,39.47964886611254,-0.38295116377254,50,60,Exposiciones,13,Eventos,0
17372,Centro Julio Gonzalez-IVAM,23,39.47964886611254,-0.38295116377254,27,64,Contemporáneo,1,Estilos y periodos,0
17372,Centro Julio Gonzalez-IVAM,23,39.47964886611254,-0.38295116377254,62,78,Arte,3,Museos,0
17374,El Oceanográfico,35,39.4519216,-0.3473791,27,90,Contemporáneo,1,Estilos y periodos,0
17374,El Oceanográfico,35,39.4519216,-0.3473791,66,90,Ciencias naturales,3,Museos,0
17375,Museo de Bellas Artes de Valencia-San Pio V,22,39.479289,-0.3710264334737524,62,72,Arte,3,Museos,0
17375,Museo de Bellas Artes de Valencia-San Pio V,22,39.479289,-0.3710264334737524,64,69,Historia,3,Museos,0
17375,Museo de Bellas Artes de Valencia-San Pio V,22,39.479289,-0.3710264334737524,65,49,Religión,3,Museos,0
17375,Museo de Bellas Artes de Valencia-San Pio V,22,39.479289,-0.3710264334737524,115,29,Otros estilos,1,Estilos y periodos,0
17376,Museo de Cerámica (Palacio Marqués de Dos Aguas),26,39.472735691902024,-0.3746845941779573,62,72,Arte,3,Museos,0
17376,Museo de Cerámica (Palacio Marqués de Dos Aguas),26,39.472735691902024,-0.3746845941779573,69,65,Artesanía,3,Museos,0
17377,Museo de historia de Valencia,19,39.472502018282526,-0.40842270361313004,24,66,Rococo,1,Estilos y periodos,0
17377,Museo de historia de Valencia,19,39.472502018282526,-0.40842270361313004,64,70,Historia,3,Museos,0
17377,Museo de historia de Valencia,19,39.472502018282526,-0.40842270361313004,68,67,Historia y cultura local,3,Museos,0
17378,Museo de la Catedral,20,39.475311635587715,-0.37536874471750353,20,58,Gótico,1,Estilos y periodos,0
17378,Museo de la Catedral,20,39.475311635587715,-0.37536874471750353,22,56,Renacentista,1,Estilos y periodos,0
17378,Museo de la Catedral,20,39.475311635587715,-0.37536874471750353,62,57,Arte,3,Museos,0
17378,Museo de la Catedral,20,39.475311635587715,-0.37536874471750353,65,50,Religión,3,Museos,0
17379,Museo de la Ciudad,14,39.47605145,-0.3736438275001911,23,53,Barroco,1,Estilos y periodos,0
17379,Museo de la Ciudad,14,39.47605145,-0.3736438275001911,62,65,Arte,3,Museos,0
17379,Museo de la Ciudad,14,39.47605145,-0.3736438275001911,68,64,Historia y cultura local,3,Museos,0
17380,Museo de las Ciencias Príncipe Felipe,28,39.4556449,-0.35130329450562336,27,90,Contemporáneo,1,Estilos y periodos,0
17380,Museo de las Ciencias Príncipe Felipe,28,39.4556449,-0.35130329450562336,63,62,Ciencia y tecnología,3,Museos,0
17380,Museo de las Ciencias Príncipe Felipe,28,39.4556449,-0.35130329450562336,66,58,Ciencias naturales,3,Museos,0
17381,Museo de prehistoria y de las culturas de Valencia,14,39.47831877040294,-0.38330444472079456,64,74,Historia,3,Museos,0
17381,Museo de prehistoria y de las culturas de Valencia,14,39.47831877040294,-0.38330444472079456,67,65,Arqueologia,3,Museos,0
17382,Museo del Patriarca,12,39.47239874209303,-0.3731043152699397,22,49,Renacentista,1,Estilos y periodos,0
17382,Museo del Patriarca,12,39.47239874209303,-0.3731043152699397,23,29,Barroco,1,Estilos y periodos,0
17382,Museo del Patriarca,12,39.47239874209303,-0.3731043152699397,62,72,Arte,3,Museos,0
17382,Museo del Patriarca,12,39.47239874209303,-0.3731043152699397,65,63,Religión,3,Museos,0
17383,Museo Fallero,10,39.4588279,-0.35923459822760284,27,71,Contemporáneo,1,Estilos y periodos,0
17383,Museo Fallero,10,39.4588279,-0.35923459822760284,68,77,Historia y cultura local,3,Museos,0
17383,Museo Fallero,10,39.4588279,-0.35923459822760284,69,67,Artesanía,3,Museos,0
17385,Museo Taurino,9,39.466283,-0.3756447,27,73,Contemporáneo,1,Estilos y periodos,0
17385,Museo Taurino,9,39.466283,-0.3756447,68,73,Historia y cultura local,3,Museos,0
17386,Museo Valenciano de Historia Natural,9,39.507112743063416,-0.42098488778704185,25,22,Neoclásico,1,Estilos y periodos,0
17386,Museo Valenciano de Historia Natural,9,39.507112743063416,-0.42098488778704185,66,73,Ciencias naturales,3,Museos,0
17388,Museo valenciano de la ilustración y la modernidad,13,39.4695143,-0.38148004934638857,19,57,Medieval,1,Estilos y periodos,0
17388,Museo valenciano de la ilustración y la modernidad,13,39.4695143,-0.38148004934638857,26,55,Modernista,1,Estilos y periodos,0
17388,Museo valenciano de la ilustración y la modernidad,13,39.4695143,-0.38148004934638857,27,52,Contemporáneo,1,Estilos y periodos,0
17388,Museo valenciano de la ilustración y la modernidad,13,39.4695143,-0.38148004934638857,64,60,Historia,3,Museos,0
17389,Ayuntamiento de Valencia,33,39.4697977,-0.3771993,25,42,Neoclásico,1,Estilos y periodos,0
17389,Ayuntamiento de Valencia,33,39.4697977,-0.3771993,96,59,Edificios gubernamentales,7,Arquitectura civil,0
17389,Ayuntamiento de Valencia,33,39.4697977,-0.3771993,115,22,Otros estilos,1,Estilos y periodos,0
17390,Biblioteca,15,39.47012830941325,-0.38191031347773546,64,68,Historia,3,Museos,0
17391,Biblioteca Municipal,25,39.4660039,-0.4092612,97,68,Edificios académicos,7,Arquitectura civil,0
17392,Casa Museo Benlliure,13,39.4807869,-0.3789647125549202,62,78,Arte,3,Museos,0
17392,Casa Museo Benlliure,13,39.4807869,-0.3789647125549202,68,75,Historia y cultura local,3,Museos,0
17392,Casa Museo Benlliure,13,39.4807869,-0.3789647125549202,115,25,Otros estilos,1,Estilos y periodos,0
17393,Ciudad de las Ciencias,37,39.45575625,-0.35255196989089266,27,59,Contemporáneo,1,Estilos y periodos,0
17393,Ciudad de las Ciencias,37,39.45575625,-0.35255196989089266,27,90,Contemporáneo,1,Estilos y periodos,0
17394,Edificio de Correos,29,39.4694655,-0.37531700219059766,25,85,Neoclásico,1,Estilos y periodos,0
17394,Edificio de Correos,29,39.4694655,-0.37531700219059766,98,66,Otros edificios públicos,7,Arquitectura civil,0
17395,Palacio de Benicarló (Cortes Valencianas),19,39.4779383177152,-0.37472073306060366,20,59,Gótico,1,Estilos y periodos,0
17395,Palacio de Benicarló (Cortes Valencianas),19,39.4779383177152,-0.37472073306060366,96,68,Edificios gubernamentales,7,Arquitectura civil,0
17396,El Almudín,19,39.476559449999996,-0.3738651831535671,17,72,Árabe,1,Estilos y periodos,0
17396,El Almudín,19,39.476559449999996,-0.3738651831535671,19,72,Medieval,1,Estilos y periodos,0
17396,El Almudín,19,39.476559449999996,-0.3738651831535671,50,67,Exposiciones,13,Eventos,0
17397,Estación del Norte,35,39.4661332,-0.37777229059911954,26,80,Modernista,1,Estilos y periodos,0
17397,Estación del Norte,35,39.4661332,-0.37777229059911954,99,66,Estaciones de transportes,7,Arquitectura civil,0
17398,Estadio de Mestalla,27,39.4745279,-0.35815663617491666,27,41,Contemporáneo,1,Estilos y periodos,0
17398,Estadio de Mestalla,27,39.4745279,-0.35815663617491666,59,29,Futbol,9,Deportes,0
17398,Estadio de Mestalla,27,39.4745279,-0.35815663617491666,103,43,Estadios y áreas deportivas,7,Arquitectura civil,0
17401,La Lonja de la Seda o de los Mercaderes,36,39.47439550611188,-0.37832923306857086,20,70,Gótico,1,Estilos y periodos,0
17401,La Lonja de la Seda o de los Mercaderes,36,39.47439550611188,-0.37832923306857086,95,76,Mercados,7,Arquitectura civil,0
17402,Mercado Central,35,39.473491749999994,-0.3789053409466919,26,62,Modernista,1,Estilos y periodos,0
17402,Mercado Central,35,39.473491749999994,-0.3789053409466919,95,74,Mercados,7,Arquitectura civil,0
17403,Mercado de Colón,37,39.4693424,-0.3681602,26,61,Modernista,1,Estilos y periodos,0
17403,Mercado de Colón,37,39.4693424,-0.3681602,41,53,Bares y pubs,11,Ocio,0
17403,Mercado de Colón,37,39.4693424,-0.3681602,47,54,Tiendas especializadas,2,Compras,0
17405,Palacio Arzobispal,8,39.475257799999994,-0.3741647557233966,23,41,Barroco,1,Estilos y periodos,0
17405,Palacio Arzobispal,8,39.475257799999994,-0.3741647557233966,91,75,Palacio,7,Arquitectura civil,0
17406,Palacio de Justicia,19,39.47179595,-0.36971555,25,47,Neoclásico,1,Estilos y periodos,0
17406,Palacio de Justicia,19,39.47179595,-0.36971555,98,46,Otros edificios públicos,7,Arquitectura civil,0
17407,Palacio de la Generalitat,20,39.4766557,-0.3763771217661392,20,60,Gótico,1,Estilos y periodos,0
17407,Palacio de la Generalitat,20,39.4766557,-0.3763771217661392,22,59,Renacentista,1,Estilos y periodos,0
17407,Palacio de la Generalitat,20,39.4766557,-0.3763771217661392,91,69,Palacio,7,Arquitectura civil,0
17407,Palacio de la Generalitat,20,39.4766557,-0.3763771217661392,96,70,Edificios gubernamentales,7,Arquitectura civil,0
17408,Palacio de los Condes de Alpuente,4,39.47663885855926,-0.37904854471746746,115,30,Otros estilos,1,Estilos y periodos,0
17409,Palacio del Almirante,0,39.474983949999995,-0.3735073106167848,20,100,Gótico,1,Estilos y periodos,0
17409,Palacio del Almirante,0,39.474983949999995,-0.3735073106167848,91,100,Palacio,7,Arquitectura civil,0
17410,Palacio del Marqués de Dos Aguas,24,39.4725,-0.37480260129181964,24,80,Rococo,1,Estilos y periodos,0
17410,Palacio del Marqués de Dos Aguas,24,39.4725,-0.37480260129181964,91,77,Palacio,7,Arquitectura civil,0
17411,Palacio del Marqués del Campo,3,39.4759862,-0.3737362,23,80,Barroco,1,Estilos y periodos,0
17411,Palacio del Marqués del Campo,3,39.4759862,-0.3737362,24,100,Rococo,1,Estilos y periodos,0
17411,Palacio del Marqués del Campo,3,39.4759862,-0.3737362,62,100,Arte,3,Museos,0
17411,Palacio del Marqués del Campo,3,39.4759862,-0.3737362,68,100,Historia y cultura local,3,Museos,0
17411,Palacio del Marqués del Campo,3,39.4759862,-0.3737362,91,100,Palacio,7,Arquitectura civil,0
17412,Palau de la Musica,28,39.466161,-0.3604414586965625,27,58,Contemporáneo,1,Estilos y periodos,0
17412,Palau de la Musica,28,39.466161,-0.3604414586965625,39,58,Conciertos y música en vivo,11,Ocio,0
17412,Palau de la Musica,28,39.466161,-0.3604414586965625,43,51,Música clasica,11,Ocio,0
17413,Plaza de Toros,28,39.46643775,-0.3761002280314827,17,42,Árabe,1,Estilos y periodos,0
17413,Plaza de Toros,28,39.46643775,-0.3761002280314827,39,51,Conciertos y música en vivo,11,Ocio,0
17413,Plaza de Toros,28,39.46643775,-0.3761002280314827,115,52,Otros estilos,1,Estilos y periodos,0
17414,Reales Atarazanas,21,39.461211230946454,-0.3333335447182755,20,72,Gótico,1,Estilos y periodos,0
17414,Reales Atarazanas,21,39.461211230946454,-0.3333335447182755,39,60,Conciertos y música en vivo,11,Ocio,0
17414,Reales Atarazanas,21,39.461211230946454,-0.3333335447182755,50,66,Exposiciones,13,Eventos,0
17414,Reales Atarazanas,21,39.461211230946454,-0.3333335447182755,71,64,Otros museos,3,Museos,0
17415,Teatro Principal,32,39.47074535,-0.3744734278807535,24,27,Rococo,1,Estilos y periodos,0
17415,Teatro Principal,32,39.47074535,-0.3744734278807535,38,67,Teatros,11,Ocio,0
17417,Torre del Miguelete,32,39.47533000038919,-0.37563264471757374,20,68,Gótico,1,Estilos y periodos,0
17417,Torre del Miguelete,32,39.47533000038919,-0.37563264471757374,79,62,Campanarios,5,Arquitectura religiosa,0
17418,Basílica de la Virgen - Museo Mariano,36,39.47644798269103,-0.37462514471752656,84,58,Basílica,5,Arquitectura religiosa,0
17418,Basílica de la Virgen - Museo Mariano,36,39.47644798269103,-0.37462514471752656,23,54,Barroco,1,Estilos y periodos,0
17418,Basílica de la Virgen - Museo Mariano,36,39.47644798269103,-0.37462514471752656,65,30,Religión,3,Museos,0
17419,Catedral,35,39.475567999999996,-0.37511257101625123,20,64,Gótico,1,Estilos y periodos,0
17419,Catedral,35,39.475567999999996,-0.37511257101625123,22,59,Renacentista,1,Estilos y periodos,0
17419,Catedral,35,39.475567999999996,-0.37511257101625123,23,54,Barroco,1,Estilos y periodos,0
17419,Catedral,35,39.475567999999996,-0.37511257101625123,72,72,Catedrales,5,Arquitectura religiosa,0
17420,Iglesia de San Juan de la Cruz,9,39.472183718312394,-0.37461487416846506,20,77,Gótico,1,Estilos y periodos,0
17420,Iglesia de San Juan de la Cruz,9,39.472183718312394,-0.37461487416846506,23,70,Barroco,1,Estilos y periodos,0
17420,Iglesia de San Juan de la Cruz,9,39.472183718312394,-0.37461487416846506,73,81,Iglesias,5,Arquitectura religiosa,0
17421,Iglesia de San Juan del Hospital,23,39.4743215,-0.37301509580829906,20,70,Gótico,1,Estilos y periodos,0
17421,Iglesia de San Juan del Hospital,23,39.4743215,-0.37301509580829906,73,67,Iglesias,5,Arquitectura religiosa,0
17422,Iglesia Santos Juanes,20,39.474212060334715,-0.37952946558594475,20,66,Gótico,1,Estilos y periodos,0
17422,Iglesia Santos Juanes,20,39.474212060334715,-0.37952946558594475,73,67,Iglesias,5,Arquitectura religiosa,0
17425,Monasterio de San Miguel de los Reyes (Biblioteca Valenciana Nicolau Primitiu),20,39.499384147087646,-0.36899022140276744,22,51,Renacentista,1,Estilos y periodos,0
17425,Monasterio de San Miguel de los Reyes (Biblioteca Valenciana Nicolau Primitiu),20,39.499384147087646,-0.36899022140276744,75,68,Monasterios,5,Arquitectura religiosa,0
17425,Monasterio de San Miguel de los Reyes (Biblioteca Valenciana Nicolau Primitiu),20,39.499384147087646,-0.36899022140276744,97,75,Edificios académicos,7,Arquitectura civil,0
17426,Porta de la Mar,32,39.472077999999996,-0.3684536680729789,36,30,Otros espacios abiertos,4,Espacios Abiertos,0
17426,Porta de la Mar,32,39.472077999999996,-0.3684536680729789,107,30,Otros monumentos,10,Monumentos,0
17427,Torres de Quart,32,39.475899549999994,-0.38392749478557775,19,48,Medieval,1,Estilos y periodos,0
17427,Torres de Quart,32,39.475899549999994,-0.38392749478557775,88,69,Torres,6,Arquitectura defensiva,0
17429,Torres de Serranos,32,39.47928095,-0.3761743404601968,20,69,Gótico,1,Estilos y periodos,0
17429,Torres de Serranos,32,39.47928095,-0.3761743404601968,88,69,Torres,6,Arquitectura defensiva,0
17430,Jardín de Ayora,23,39.467459700000006,-0.34417840326478655,28,80,Parques,4,Espacios Abiertos,0
17431,Jardín Botánico,32,39.476861400000004,-0.3867240697651492,29,69,Jardines botánicos,4,Espacios Abiertos,0
17432,Jardines de Monforte,29,39.47764695,-0.3648338978167587,25,57,Neoclásico,1,Estilos y periodos,0
17433,Jardines de la Glorieta,29,39.4726707,-0.3694179913533834,28,30,Parques,4,Espacios Abiertos,0
17434,Parque Gulliver,31,39.46249950000001,-0.35950157352415285,30,62,Parque infantil,4,Espacios Abiertos,0
17435,Paseo de la Alameda,36,39.47505153016574,-0.36599885276036404,34,50,Paseos,4,Espacios Abiertos,0
17435,Paseo de la Alameda,36,39.47505153016574,-0.36599885276036404,41,30,Bares y pubs,11,Ocio,0
17436,Paseo Marítimo,35,39.472258,-0.32401215,31,65,Playas,4,Espacios Abiertos,0
17436,Paseo Marítimo,35,39.472258,-0.32401215,34,65,Paseos,4,Espacios Abiertos,0
17437,Playa de la Malvarrosa,38,39.47939045,-0.32372016446346363,31,66,Playas,4,Espacios Abiertos,0
17437,Playa de la Malvarrosa,38,39.47939045,-0.32372016446346363,31,66,Playas,4,Espacios Abiertos,0
17438,Playa de las Arenas,37,39.46889885,-0.32276051992848515,34,80,Paseos,4,Espacios Abiertos,0
17439,Plaza de la Virgen,36,39.4763873,-0.3752809368985023,33,83,Calles y plazas,4,Espacios Abiertos,0
17440,Plaza Redonda,34,39.47357575,-0.3766003783018868,33,75,Calles y plazas,4,Espacios Abiertos,0
17440,Plaza Redonda,34,39.47357575,-0.3766003783018868,48,65,Tiendas tradicionales,2,Compras,0
17441,Puerto,34,39.44827217147284,-0.3169480823984605,36,60,Otros espacios abiertos,4,Espacios Abiertos,0
17441,Puerto,34,39.44827217147284,-0.3169480823984605,40,49,Clubs y discotecas,11,Ocio,0
17441,Puerto,34,39.44827217147284,-0.3169480823984605,56,46,Eventos deportivos,13,Eventos,0
17442,Tribunal de las Aguas,25,39.47599041235875,-0.37538020361984686,112,100,Otros eventos,13,Eventos,0
17442,Tribunal de las Aguas,25,39.47599041235875,-0.37538020361984686,115,80,Otros estilos,1,Estilos y periodos,0
17444,Jardines de Viveros,37,39.48049085,-0.3678095621052625,28,38,Parques,4,Espacios Abiertos,0
17444,Jardines de Viveros,37,39.48049085,-0.3678095621052625,34,72,Paseos,4,Espacios Abiertos,0
17444,Jardines de Viveros,37,39.48049085,-0.3678095621052625,39,55,Conciertos y música en vivo,11,Ocio,0
17477,Antiguo Convento de Santo Domingo,11,39.4742157,-0.368979737725772,19,70,Medieval,1,Estilos y periodos,0
17477,Antiguo Convento de Santo Domingo,11,39.4742157,-0.368979737725772,20,73,Gótico,1,Estilos y periodos,0
17477,Antiguo Convento de Santo Domingo,11,39.4742157,-0.368979737725772,22,66,Renacentista,1,Estilos y periodos,0
17477,Antiguo Convento de Santo Domingo,11,39.4742157,-0.368979737725772,23,70,Barroco,1,Estilos y periodos,0
17477,Antiguo Convento de Santo Domingo,11,39.4742157,-0.368979737725772,73,80,Iglesias,5,Arquitectura religiosa,0
17477,Antiguo Convento de Santo Domingo,11,39.4742157,-0.368979737725772,76,70,Claustros,5,Arquitectura religiosa,0
17477,Antiguo Convento de Santo Domingo,11,39.4742157,-0.368979737725772,85,74,Capilla,5,Arquitectura religiosa,0
17478,Palacio de los Condes de Cervellón (Archivo Histórico Municipal),9,39.47419028226717,-0.37022102769145077,25,55,Neoclásico,1,Estilos y periodos,0
17478,Palacio de los Condes de Cervellón (Archivo Histórico Municipal),9,39.47419028226717,-0.37022102769145077,64,83,Historia,3,Museos,0
17479,Ateneo Mercantil,22,39.4708448,-0.37601297096777864,50,44,Exposiciones,13,Eventos,0
17479,Ateneo Mercantil,22,39.4708448,-0.37601297096777864,51,37,Conferencias,13,Eventos,0
17479,Ateneo Mercantil,22,39.4708448,-0.37601297096777864,94,42,Ateneo,7,Arquitectura civil,0
17479,Ateneo Mercantil,22,39.4708448,-0.37601297096777864,115,34,Otros estilos,1,Estilos y periodos,0
17480,Baños del Almirante,10,39.47503191292955,-0.3732850405674174,17,69,Árabe,1,Estilos y periodos,0
17481,Bioparc,5,39.4762163,-0.4063979,28,66,Parques,4,Espacios Abiertos,0
17483,Campo de Golf del Saler,13,39.318848700000004,-0.302172618703825,36,60,Otros espacios abiertos,4,Espacios Abiertos,0
17483,Campo de Golf del Saler,13,39.318848700000004,-0.302172618703825,61,48,Otros deportes,9,Deportes,0
17484,Casa de la America's Cup,24,39.4608921972175,-0.3240629064362844,27,47,Contemporáneo,1,Estilos y periodos,0
17484,Casa de la America's Cup,24,39.4608921972175,-0.3240629064362844,31,59,Playas,4,Espacios Abiertos,0
17484,Casa de la America's Cup,24,39.4608921972175,-0.3240629064362844,47,47,Tiendas especializadas,2,Compras,0
17484,Casa de la America's Cup,24,39.4608921972175,-0.3240629064362844,50,53,Exposiciones,13,Eventos,0
17485,Casa del Dragón,5,39.470198745329334,-0.3698432498696374,26,56,Modernista,1,Estilos y periodos,0
17485,Casa del Dragón,5,39.470198745329334,-0.3698432498696374,92,70,Casa,7,Arquitectura civil,0
17486,Casa Ferrer,5,39.47337375,-0.37060776441128845,26,76,Modernista,1,Estilos y periodos,0
17486,Casa Ferrer,5,39.47337375,-0.37060776441128845,92,84,Casa,7,Arquitectura civil,0
17487,Casa Ortega,2,39.46542080695542,-0.37320738582289686,26,93,Modernista,1,Estilos y periodos,0
17487,Casa Ortega,2,39.46542080695542,-0.37320738582289686,92,100,Casa,7,Arquitectura civil,0
17488,Casa-Museo Concha Piquer,4,39.485272701513594,-0.3765252447170566,68,30,Historia y cultura local,3,Museos,0
17489,Casa-Museo de la Semana Santa Marinera (Salvador Caurín),2,39.46310454237131,-0.331944026927244,65,93,Religión,3,Museos,0
17489,Casa-Museo de la Semana Santa Marinera (Salvador Caurín),2,39.46310454237131,-0.331944026927244,68,50,Historia y cultura local,3,Museos,0
17490,Centro de Artesania,4,39.470375000000004,-0.3810048832828058,71,20,Otros museos,3,Museos,0
17491,Colegio del Arte Mayor de la Seda,8,39.470652099999995,-0.3810829344488188,23,50,Barroco,1,Estilos y periodos,0
17491,Colegio del Arte Mayor de la Seda,8,39.470652099999995,-0.3810829344488188,68,69,Historia y cultura local,3,Museos,0
17491,Colegio del Arte Mayor de la Seda,8,39.470652099999995,-0.3810829344488188,69,64,Artesanía,3,Museos,0
17492,Complejo Arqueológico de la Almoina,13,39.47625869475268,-0.37416064471926774,16,56,Prehistórico,1,Estilos y periodos,0
17492,Complejo Arqueológico de la Almoina,13,39.47625869475268,-0.37416064471926774,17,71,Árabe,1,Estilos y periodos,0
17492,Complejo Arqueológico de la Almoina,13,39.47625869475268,-0.37416064471926774,18,70,Romano,1,Estilos y periodos,0
17492,Complejo Arqueológico de la Almoina,13,39.47625869475268,-0.37416064471926774,19,72,Medieval,1,Estilos y periodos,0
17493,Complejo Deportivo Cultural Petxina,9,39.4752164,-0.394262,103,64,Estadios y áreas deportivas,7,Arquitectura civil,0
17494,Convento de la Trinidad,6,39.48310648050922,-0.37020479010576535,20,93,Gótico,1,Estilos y periodos,0
17494,Convento de la Trinidad,6,39.48310648050922,-0.37020479010576535,74,87,Conventos,5,Arquitectura religiosa,0
17495,Cripta de la Cárcel de San Vicente,18,39.475734,-0.3741936827898542,17,82,Árabe,1,Estilos y periodos,0
17495,Cripta de la Cárcel de San Vicente,18,39.475734,-0.3741936827898542,18,22,Romano,1,Estilos y periodos,0
17495,Cripta de la Cárcel de San Vicente,18,39.475734,-0.3741936827898542,65,59,Religión,3,Museos,0
17495,Cripta de la Cárcel de San Vicente,18,39.475734,-0.3741936827898542,68,70,Historia y cultura local,3,Museos,0
17495,Cripta de la Cárcel de San Vicente,18,39.475734,-0.3741936827898542,82,58,Criptas,5,Arquitectura religiosa,0
17496,Edificio calle Ramilletes 1,2,39.473267751066416,-0.37801832965823556,26,36,Modernista,1,Estilos y periodos,0
17496,Edificio calle Ramilletes 1,2,39.473267751066416,-0.37801832965823556,92,84,Casa,7,Arquitectura civil,0
17497,Edificio del Reloj,12,39.460147,-0.3318354749012026,25,50,Neoclásico,1,Estilos y periodos,0
17497,Edificio del Reloj,12,39.460147,-0.3318354749012026,100,25,Atarazanas,7,Arquitectura civil,0
17498,Edificio Rialto,19,39.471005589813224,-0.37630959134502834,37,55,Cines,11,Ocio,0
17498,Edificio Rialto,19,39.471005589813224,-0.37630959134502834,115,41,Otros estilos,1,Estilos y periodos,0
17499,Estación-Terminal Marítima,17,39.459214489074306,-0.33126150361376344,99,54,Estaciones de transportes,7,Arquitectura civil,0
17499,Estación-Terminal Marítima,17,39.459214489074306,-0.33126150361376344,115,36,Otros estilos,1,Estilos y periodos,0
17500,Estatua Ecuestre del Rey Jaume I,28,39.471898523366185,-0.37058569986097684,105,49,Esculturas,10,Monumentos,0
17501,Feria Valencia,32,39.50372455,-0.42850014700879097,27,20,Contemporáneo,1,Estilos y periodos,0
17501,Feria Valencia,32,39.50372455,-0.42850014700879097,52,42,Ferias,13,Eventos,0
17501,Feria Valencia,32,39.50372455,-0.42850014700879097,53,40,Congresos,13,Eventos,0
17501,Feria Valencia,32,39.50372455,-0.42850014700879097,104,26,Otros edificios emblemáticos,7,Arquitectura civil,0
17502,Fuente del Turia (Plaza de la Virgen),37,39.4764787,-0.3752750478224687,20,43,Gótico,1,Estilos y periodos,0
17502,Fuente del Turia (Plaza de la Virgen),37,39.4764787,-0.3752750478224687,106,63,Fuentes,4,Espacios Abiertos,0
17504,Galería del Tossal (Muralla islámica),8,39.47627620679465,-0.3801039330606832,67,55,Arqueologia,3,Museos,0
17504,Galería del Tossal (Muralla islámica),8,39.47627620679465,-0.3801039330606832,68,56,Historia y cultura local,3,Museos,0
17504,Galería del Tossal (Muralla islámica),8,39.47627620679465,-0.3801039330606832,115,45,Otros estilos,1,Estilos y periodos,0
17507,Iglesia de la Compañía,13,39.47502105,-0.37830975689591073,62,81,Arte,3,Museos,0
17507,Iglesia de la Compañía,13,39.47502105,-0.37830975689591073,73,76,Iglesias,5,Arquitectura religiosa,0
17507,Iglesia de la Compañía,13,39.47502105,-0.37830975689591073,115,31,Otros estilos,1,Estilos y periodos,0
17508,Iglesia de las Escuelas Pías,8,39.4738295,-0.381659,23,53,Barroco,1,Estilos y periodos,0
17508,Iglesia de las Escuelas Pías,8,39.4738295,-0.381659,73,56,Iglesias,5,Arquitectura religiosa,0
17509,Iglesia de San Agustín,28,39.468682483385805,-0.3800515269269744,20,72,Gótico,1,Estilos y periodos,0
17509,Iglesia de San Agustín,28,39.468682483385805,-0.3800515269269744,73,60,Iglesias,5,Arquitectura religiosa,0
17510,Iglesia de San Esteban,15,39.4761124,-0.37316691172694166,17,67,Árabe,1,Estilos y periodos,0
17510,Iglesia de San Esteban,15,39.4761124,-0.37316691172694166,20,68,Gótico,1,Estilos y periodos,0
17510,Iglesia de San Esteban,15,39.4761124,-0.37316691172694166,73,47,Iglesias,5,Arquitectura religiosa,0
17511,Iglesia de San Martín,13,39.473283800000004,-0.3756909515830498,20,60,Gótico,1,Estilos y periodos,0
17511,Iglesia de San Martín,13,39.473283800000004,-0.3756909515830498,23,50,Barroco,1,Estilos y periodos,0
17511,Iglesia de San Martín,13,39.473283800000004,-0.3756909515830498,25,50,Neoclásico,1,Estilos y periodos,0
17511,Iglesia de San Martín,13,39.473283800000004,-0.3756909515830498,73,45,Iglesias,5,Arquitectura religiosa,0
17512,Iglesia de San Nicolás,18,39.47618825,-0.37880991692107235,20,60,Gótico,1,Estilos y periodos,0
17512,Iglesia de San Nicolás,18,39.47618825,-0.37880991692107235,23,50,Barroco,1,Estilos y periodos,0
17512,Iglesia de San Nicolás,18,39.47618825,-0.37880991692107235,73,93,Iglesias,5,Arquitectura religiosa,0
17513,Iglesia de Santa Catalina,26,39.474118250000004,-0.3764004699525199,20,70,Gótico,1,Estilos y periodos,0
17513,Iglesia de Santa Catalina,26,39.474118250000004,-0.3764004699525199,23,90,Barroco,1,Estilos y periodos,0
17513,Iglesia de Santa Catalina,26,39.474118250000004,-0.3764004699525199,73,100,Iglesias,5,Arquitectura religiosa,0
17513,Iglesia de Santa Catalina,26,39.474118250000004,-0.3764004699525199,79,100,Campanarios,5,Arquitectura religiosa,0
17514,Iglesia de Santo Tomás,11,39.4741965,-0.37245740919931847,23,41,Barroco,1,Estilos y periodos,0
17514,Iglesia de Santo Tomás,11,39.4741965,-0.37245740919931847,73,66,Iglesias,5,Arquitectura religiosa,0
17515,Iglesia del antiguo Convento del Carmen,13,39.479472589253945,-0.37853197915365094,20,45,Gótico,1,Estilos y periodos,0
17515,Iglesia del antiguo Convento del Carmen,13,39.479472589253945,-0.37853197915365094,23,55,Barroco,1,Estilos y periodos,0
17515,Iglesia del antiguo Convento del Carmen,13,39.479472589253945,-0.37853197915365094,73,67,Iglesias,5,Arquitectura religiosa,0
17515,Iglesia del antiguo Convento del Carmen,13,39.479472589253945,-0.37853197915365094,79,64,Campanarios,5,Arquitectura religiosa,0
17516,Iglesia del Carmen,12,39.47618825,-0.37880991692107235,23,53,Barroco,1,Estilos y periodos,0
17516,Iglesia del Carmen,12,39.47618825,-0.37880991692107235,73,63,Iglesias,5,Arquitectura religiosa,0
17517,Iglesia del Salvador,11,39.47720985,-0.37384430284144654,20,63,Gótico,1,Estilos y periodos,0
17517,Iglesia del Salvador,11,39.47720985,-0.37384430284144654,25,55,Neoclásico,1,Estilos y periodos,0
17517,Iglesia del Salvador,11,39.47720985,-0.37384430284144654,73,69,Iglesias,5,Arquitectura religiosa,0
17518,Iglesia y Palacio del Temple,15,39.47672645301736,-0.3710456649536887,25,64,Neoclásico,1,Estilos y periodos,0
17518,Iglesia y Palacio del Temple,15,39.47672645301736,-0.3710456649536887,73,67,Iglesias,5,Arquitectura religiosa,0
17518,Iglesia y Palacio del Temple,15,39.47672645301736,-0.3710456649536887,91,74,Palacio,7,Arquitectura civil,0
17519,Jardín de las Hespérides,14,39.477474150000006,-0.3882166834547281,28,55,Parques,4,Espacios Abiertos,0
17519,Jardín de las Hespérides,14,39.477474150000006,-0.3882166834547281,34,40,Paseos,4,Espacios Abiertos,0
17520,Jardines del Turia,36,39.45716045,-0.3514126382938692,34,70,Paseos,4,Espacios Abiertos,0
17520,Jardines del Turia,36,39.45716045,-0.3514126382938692,28,68,Parques,4,Espacios Abiertos,0
17520,Jardines del Turia,36,39.45716045,-0.3514126382938692,34,72,Paseos,4,Espacios Abiertos,0
17520,Jardines del Turia,36,39.45716045,-0.3514126382938692,103,61,Estadios y áreas deportivas,7,Arquitectura civil,0
17521,L'Hemisferic,27,39.4566825,-0.3538810494257922,27,59,Contemporáneo,1,Estilos y periodos,0
17521,L'Hemisferic,27,39.4566825,-0.3538810494257922,37,66,Cines,11,Ocio,0
17521,L'Hemisferic,27,39.4566825,-0.3538810494257922,104,60,Otros edificios emblemáticos,7,Arquitectura civil,0
17522,L'Umbracle,29,39.45560315,-0.3541700382810072,27,61,Contemporáneo,1,Estilos y periodos,0
17522,L'Umbracle,29,39.45560315,-0.3541700382810072,29,72,Jardines botánicos,4,Espacios Abiertos,0
17522,L'Umbracle,29,39.45560315,-0.3541700382810072,34,73,Paseos,4,Espacios Abiertos,0
17523,Museo de Ciencias Naturales,19,39.47927415,-0.36917042108138565,66,69,Ciencias naturales,3,Museos,0
17523,Museo de Ciencias Naturales,19,39.47927415,-0.36917042108138565,67,71,Arqueologia,3,Museos,0
17523,Museo de Ciencias Naturales,19,39.47927415,-0.36917042108138565,115,47,Otros estilos,1,Estilos y periodos,0
17524,Museo del Arroz,2,39.4632842,-0.3319217,68,100,Historia y cultura local,3,Museos,0
17524,Museo del Arroz,2,39.4632842,-0.3319217,115,73,Otros estilos,1,Estilos y periodos,0
17525,Museo del Artista Fallero,9,39.50015616469446,-0.3925181036118101,27,69,Contemporáneo,1,Estilos y periodos,0
17525,Museo del Artista Fallero,9,39.50015616469446,-0.3925181036118101,68,72,Historia y cultura local,3,Museos,0
17525,Museo del Artista Fallero,9,39.50015616469446,-0.3925181036118101,69,55,Artesanía,3,Museos,0
17526,Museo del Siglo XIX (Convento del Carmen),9,39.479695754522126,-0.3790744308284198,62,79,Arte,3,Museos,0
17527,Museo del Trenet,3,39.48679932361114,-0.38278244134021483,27,67,Contemporáneo,1,Estilos y periodos,0
17527,Museo del Trenet,3,39.48679932361114,-0.38278244134021483,63,96,Ciencia y tecnología,3,Museos,0
17527,Museo del Trenet,3,39.48679932361114,-0.38278244134021483,68,88,Historia y cultura local,3,Museos,0
17528,Museo Histórico Municipal (Ayuntamiento de Valencia),6,39.46948060689687,-0.3772943036132727,68,81,Historia y cultura local,3,Museos,0
17529,Museo Militar,2,39.47194995,-0.36206562456222835,70,90,Militar,3,Museos,0
17530,Palacio de Cervelló,8,39.474303,-0.37041452971411837,25,80,Neoclásico,1,Estilos y periodos,0
17530,Palacio de Cervelló,8,39.474303,-0.37041452971411837,71,80,Otros museos,3,Museos,0
17531,Palacio de Congresos,25,39.49619935,-0.4020570971416736,27,51,Contemporáneo,1,Estilos y periodos,0
17531,Palacio de Congresos,25,39.49619935,-0.4020570971416736,53,44,Congresos,13,Eventos,0
17531,Palacio de Congresos,25,39.49619935,-0.4020570971416736,104,59,Otros edificios emblemáticos,7,Arquitectura civil,0
17532,Palacio de la Batlia o de Jáudenes (Diputación de Valencia),13,39.477062677123754,-0.3766260447174523,20,50,Gótico,1,Estilos y periodos,0
17532,Palacio de la Batlia o de Jáudenes (Diputación de Valencia),13,39.477062677123754,-0.3766260447174523,22,50,Renacentista,1,Estilos y periodos,0
17532,Palacio de la Batlia o de Jáudenes (Diputación de Valencia),13,39.477062677123754,-0.3766260447174523,96,72,Edificios gubernamentales,7,Arquitectura civil,0
17533,Palacio de las Artes Reina Sofía,12,39.458032,-0.355909355515472,27,63,Contemporáneo,1,Estilos y periodos,0
17533,Palacio de las Artes Reina Sofía,12,39.458032,-0.355909355515472,38,75,Teatros,11,Ocio,0
17533,Palacio de las Artes Reina Sofía,12,39.458032,-0.355909355515472,44,65,Ópera,11,Ocio,0
17533,Palacio de las Artes Reina Sofía,12,39.458032,-0.355909355515472,104,65,Otros edificios emblemáticos,7,Arquitectura civil,0
17534,Palacio de los Almirantes de Aragón,3,39.47520744200882,-0.37336601526983576,20,100,Gótico,1,Estilos y periodos,0
17534,Palacio de los Almirantes de Aragón,3,39.47520744200882,-0.37336601526983576,91,100,Palacio,7,Arquitectura civil,0
17535,Palacio de los Boil de Arenós,4,39.472612039365686,-0.3739928241092301,20,30,Gótico,1,Estilos y periodos,0
17536,Palacio de los Marqueses de Scala (Diputación de Valencia),8,39.477034817809525,-0.3762201858220121,20,56,Gótico,1,Estilos y periodos,0
17536,Palacio de los Marqueses de Scala (Diputación de Valencia),8,39.477034817809525,-0.3762201858220121,22,56,Renacentista,1,Estilos y periodos,0
17536,Palacio de los Marqueses de Scala (Diputación de Valencia),8,39.477034817809525,-0.3762201858220121,23,56,Barroco,1,Estilos y periodos,0
17536,Palacio de los Marqueses de Scala (Diputación de Valencia),8,39.477034817809525,-0.3762201858220121,96,82,Edificios gubernamentales,7,Arquitectura civil,0
17537,Palacio del Intendente Pineda (sede de la UIMP),8,39.478917736326,-0.37871250116755384,25,50,Neoclásico,1,Estilos y periodos,0
17537,Palacio del Intendente Pineda (sede de la UIMP),8,39.478917736326,-0.37871250116755384,50,56,Exposiciones,13,Eventos,0
17537,Palacio del Intendente Pineda (sede de la UIMP),8,39.478917736326,-0.37871250116755384,51,46,Conferencias,13,Eventos,0
17537,Palacio del Intendente Pineda (sede de la UIMP),8,39.478917736326,-0.37871250116755384,91,74,Palacio,7,Arquitectura civil,0
17538,Palacio Joan de Valeriola,2,39.47386487920709,-0.3731971796881132,20,50,Gótico,1,Estilos y periodos,0
17538,Palacio Joan de Valeriola,2,39.47386487920709,-0.3731971796881132,62,50,Arte,3,Museos,0
17538,Palacio Joan de Valeriola,2,39.47386487920709,-0.3731971796881132,91,40,Palacio,7,Arquitectura civil,0
17539,Palacio Municipal de la Exposición,9,39.4735879,-0.3624784,26,70,Modernista,1,Estilos y periodos,0
17543,Plaza de Alfonso el Magnánimo,29,39.472764021097724,-0.3704443444073954,33,25,Calles y plazas,4,Espacios Abiertos,0
17544,Plaza de la Almoina,27,39.47576545,-0.3744339303475943,17,64,Árabe,1,Estilos y periodos,0
17544,Plaza de la Almoina,27,39.47576545,-0.3744339303475943,33,68,Calles y plazas,4,Espacios Abiertos,0
17545,Plaza de la Reina,35,39.474484000000004,-0.37545857924578707,33,71,Calles y plazas,4,Espacios Abiertos,0
17546,Plaza de San Luis Beltrán,16,39.476527212326495,-0.3735190447175106,33,30,Calles y plazas,4,Espacios Abiertos,0
17547,Plaza del Ayuntamiento,35,39.470647299999996,-0.3768264115438601,33,66,Calles y plazas,4,Espacios Abiertos,0
17548,Plaza del Carmen,36,39.4791278,-0.3783900688317834,33,64,Calles y plazas,4,Espacios Abiertos,0
17549,Plaza del Mercado,29,39.47394385,-0.3784016274135877,33,90,Calles y plazas,4,Espacios Abiertos,0
17550,Plaza del Tossal,27,39.4761956,-0.38017980070509605,33,69,Calles y plazas,4,Espacios Abiertos,0
17550,Plaza del Tossal,27,39.4761956,-0.38017980070509605,41,47,Bares y pubs,11,Ocio,0
17551,Puente de la Exposición (la Peineta),33,39.4730999,-0.36603721741780826,27,54,Contemporáneo,1,Estilos y periodos,0
17551,Puente de la Exposición (la Peineta),33,39.4730999,-0.36603721741780826,101,59,Puentes,7,Arquitectura civil,0
17552,Puente del Real,30,39.4763646,-0.36882461074066325,20,69,Gótico,1,Estilos y periodos,0
17552,Puente del Real,30,39.4763646,-0.36882461074066325,101,67,Puentes,7,Arquitectura civil,0
17553,Real Club Naútico de Valencia,17,39.4264895,-0.33181148164413143,57,40,Nauticos,9,Deportes,0
17554,Real Colegio del Corpus Christi (El Patriarca),17,39.47239718923298,-0.37310297416540233,22,61,Renacentista,1,Estilos y periodos,0
17554,Real Colegio del Corpus Christi (El Patriarca),17,39.47239718923298,-0.37310297416540233,73,62,Iglesias,5,Arquitectura religiosa,0
17554,Real Colegio del Corpus Christi (El Patriarca),17,39.47239718923298,-0.37310297416540233,76,61,Claustros,5,Arquitectura religiosa,0
17554,Real Colegio del Corpus Christi (El Patriarca),17,39.47239718923298,-0.37310297416540233,97,64,Edificios académicos,7,Arquitectura civil,0
17554,Real Colegio del Corpus Christi (El Patriarca),17,39.47239718923298,-0.37310297416540233,105,63,Esculturas,10,Monumentos,0
17555,Sede Central de la Universidad de Valencia,25,39.47173718311238,-0.37259801526996345,25,60,Neoclásico,1,Estilos y periodos,0
17555,Sede Central de la Universidad de Valencia,25,39.47173718311238,-0.37259801526996345,97,80,Edificios académicos,7,Arquitectura civil,0
17556,Teatro de Marionetas La Estrella,0,39.4784462,-0.3862452,38,100,Teatros,11,Ocio,0
17557,Teatro Olympia,0,39.4708046,-0.378011,38,100,Teatros,11,Ocio,0
17557,Teatro Olympia,0,39.4708046,-0.378011,115,30,Otros estilos,1,Estilos y periodos,0
17558,Teatro Rialto,0,39.471005589813224,-0.37630959134502834,38,100,Teatros,11,Ocio,0
17558,Teatro Rialto,0,39.471005589813224,-0.37630959134502834,115,50,Otros estilos,1,Estilos y periodos,0
18000,Centro de Arte Hortensia Herrero (CAHH) - Palacio Valeriola,0,39.47386384399168,-0.37319583858391275,62,90,Arte,3,Museos,0
18000,Centro de Arte Hortensia Herrero (CAHH) - Palacio Valeriola,0,39.47386384399168,-0.37319583858391275,23,50,Barroco,1,Estilos y periodos,0
18000,Centro de Arte Hortensia Herrero (CAHH) - Palacio Valeriola,0,39.47386384399168,-0.37319583858391275,20,30,Gótico,1,Estilos y periodos,0
18001,Barrio del Carmen,0,39.47884429391109,-0.379883679706167,45,90,Restaurantes,8,Gastronomia,0
18001,Barrio del Carmen,0,39.47884429391109,-0.379883679706167,41,90,Bares y pubs,11,Ocio,0
18001,Barrio del Carmen,0,39.47884429391109,-0.379883679706167,42,30,Discotecas,11,Ocio,0
18001,Barrio del Carmen,0,39.47884429391109,-0.379883679706167,48,50,Tiendas tradicionales,2,Compras,0
18001,Barrio del Carmen,0,39.47884429391109,-0.379883679706167,17,10,Árabe,1,Estilos y periodos,0
18002,Barrio de Ruzafa,0,39.461688508258916,-0.3733853505246533,45,90,Restaurantes,8,Gastronomia,0
18002,Barrio de Ruzafa,0,39.461688508258916,-0.3733853505246533,41,80,Bares y pubs,11,Ocio,0
18002,Barrio de Ruzafa,0,39.461688508258916,-0.3733853505246533,42,40,Discotecas,11,Ocio,0
18002,Barrio de Ruzafa,0,39.461688508258916,-0.3733853505246533,48,40,Tiendas tradicionales,2,Compras,0
18002,Barrio de Ruzafa,0,39.461688508258916,-0.3733853505246533,26,40,Modernista,1,Estilos y periodos,0
18003,La Albufera,0,39.3344485,-0.35814945415011057,31,90,Playas,4,Espacios Abiertos,0
18003,La Albufera,0,39.3344485,-0.35814945415011057,34,90,Paseos,4,Espacios Abiertos,0
18003,La Albufera,0,39.3344485,-0.35814945415011057,36,100,Otros espacios abiertos,4,Espacios Abiertos,0
18004,Barrio del Cabañal,0,39.46807986325811,-0.3277241939468485,45,90,Restaurantes,8,Gastronomia,0
18004,Barrio del Cabañal,0,39.46807986325811,-0.3277241939468485,41,80,Bares y pubs,11,Ocio,0
18004,Barrio del Cabañal,0,39.46807986325811,-0.3277241939468485,48,50,Tiendas tradicionales,2,Compras,0
18004,Barrio del Cabañal,0,39.46807986325811,-0.3277241939468485,115,80,Otros estilos,1,Estilos y periodos,0
18005,Museo Iluziona,0,39.46475446606035,-0.37588370361350487,68,80,Historia y cultura local,3,Museos,0
18006,L'ETNO - Museo Valenciado de Etnología,0,39.47829979233867,-0.38314401736191117,68,80,Historia y cultura local,3,Museos,0
